{
  "$view": {
    "attributes": {
      "_id": "viewInstagramSearch",
      "statusBar.style": "light",
      "bg.color": "#000000"
    },
    "actions": [],
    "controls": [
      {
        "_id": "layoutMain",
        "_type": "Layout",
        "attributes": {
          "bg.color": "#000000",
          "layoutType": "absolute",
          "size.h": "100%",
          "size.w": "100%",
          "padding.bottom": 4
        },
        "controls": [
          {
            "_id": "imageBg",
            "_type": "Image",
            "attributes": {
              "image": "/images/bg_2x568.png",
              "layoutType": "absolute",
              "size.h": "100%",
              "size.w": "100%"
            }
          },
          {
            "_id": "layoutHeader",
            "_type": "Layout",
            "attributes": {
              "bg.color": "#000000",
              "layoutType": "absolute",
              "size.h": 70,
              "size.w": "100%"
            },
            "controls": [
              {
                "_id": "title",
                "_type": "Text",
                "attributes": {
                  "align.h": "center",
                  "align.v": "bottom",
                  "color": "ffffff",
                  "font": "HelveticaNeue-Thin:26",
                  "layoutType": "float",
                  "margin.top": 20,
                  "size.h": 50,
                  "size.w": "100%",
                  "text": "Search",
                  "text.align": "center"
                }
              }
            ]
          },
          {
            "_id": "layoutInput",
            "_type": "Layout",
            "attributes": {
              "bg.color": "ffffff00",
              "control.url": "customSearchInput.json",
              "layoutType": "absolute",
              "margin.top": 70,
              "size.h": 46,
              "size.w": "100%"
            },
            "controls": [
              {
                "_id": "layoutSearch",
                "_type": "Layout",
                "attributes": {
                  "align.h": "center",
                  "align.v": "middle",
                  "layoutFlow": "horizontal",
                  "layoutType": "absolute",
                  "size.h": 38,
                  "size.w": "100%"
                },
                "controls": [
                  {
                    "_id": "inputSearch",
                    "_type": "TextInput",
                    "actions": [
                      {
                        "_type": "Modify",
                        "attributes": {
                          "_target": "$session"
                        },
                        "enabled": true,
                        "on": "textChanged",
                        "set": {
                          "query": "[[$self.text]]"
                        }
                      },
                      {
                        "_type": "Refresh",
                        "attributes": {
                          "_target": "dataInstagram"
                        },
                        "enabled": true,
                        "on": "returnKeyPressed"
                      }
                    ],
                    "attributes": {
                      "bg.color": "#ffffff",
                      "clearOnFocus.enabled": true,
                      "font": "HelveticaNeue-Light:18",
                      "keyboard.appearance": "dark",
                      "margin.left": 4,
                      "padding.left": 8,
                      "placeholder.text": "Search Instagram for..",
                      "size.h": "100%",
                      "size.w": 257
                    }
                  },
                  {
                    "_id": "imageSearch",
                    "_type": "Image",
                    "actions": [
                      {
                        "_type": "Refresh",
                        "attributes": {
                          "_target": "dataInstagram",
                          "repeat_delay": 0.34
                        },
                        "enabled": true,
                        "on": "touchUp"
                      },
                      {
                        "_type": "Function",
                        "attributes": {
                          "_target": "inputSearch",
                          "functionName": "dismissKeyboard"
                        },
                        "enabled": true,
                        "on": "touchUp"
                      }
                    ],
                    "attributes": {
                      "image": "./images/btn_search_55x38.png",
                      "size.h": 38,
                      "size.w": 55
                    }
                  }
                ]
              }
            ]
          },
          {
            "_id": "layoutCollection",
            "_type": "Layout",
            "attributes": {
              "bg.color": "ff00ff00",
              "autofill.h": true,
              "margin.top": 108,
              "padding": 4,
              "padding.bottom": 0,
              "size.w": "100%"
            },
            "controls": [
              {
                "_id": "collectionPhotos",
                "_type": "Collection",
                "actions": [
                  {
                    "_type": "Function",
                    "attributes": {
                      "_target": "inputSearch",
                      "functionName": "dismissKeyboard"
                    },
                    "enabled": true,
                    "on": "didBeginScrolling"
                  }
                ],
                "attributes": {
                  "bg.color": "#ff00ff00",
                  "datasource.id": "dataInstagram",
                  "data.basepath": "data",
                  "enabled": true,
                  "cell.size.h": 158,
                  "cell.size.w": 154,
                  "margin.top": 0,
                  "reloadAnimation.enabled": false,
                  "separator.style": "none",
                  "size.h": "100%",
                  "size.w": "100%"
                },
                "controls": [
                  {
                    "_id": "layoutThumbnail",
                    "_type": "Layout",
                    "actions": [
                      {
                        "_type": "Function",
                        "attributes": {
                          "_target": "inputSearch",
                          "functionName": "dismissKeyboard"
                        },
                        "enabled": true,
                        "on": "touchUp"
                      },
                      {
                        "_type": "Modify",
                        "attributes": {
                          "_target": "$session"
                        },
                        "on": "touchUp",
                        "set": {
                          "photoCaption": "[[$row.caption.text]]",
                          "photoIndex": "[[$row.index]]",
                          "photoPhotographer": "[[$row.user.username]]",
                          "photoThumbUrl": "[[$row.images.low_resolution.url]]",
                          "photoUrl": "[[$row.images.standard_resolution.url]]"
                        }
                      },
                      {
                        "_type": "Navigate",
                        "attributes": {
                          "1nav_animation_duration": 0,
                          "1nav_animation_type": "crossDissolve",
                          "1nav_stack_type": "push",
                          "to": "viewInstagramPhoto.json"
                        },
                        "on": "touchUp"
                      }
                    ],
                    "attributes": {
                      "margin.top": 4,
                      "size.h": "[[collectionPhotos.cell.size.w]]",
                      "size.w": "[[collectionPhotos.cell.size.w]]"
                    },
                    "controls": [
                      {
                        "_id": "imageThumbnail",
                        "_type": "Image",
                        "attributes": {
                          "align.h": "center",
                          "align.v": "middle",
                          "image": "[[$row.images.low_resolution.url]]",
                          "layoutType": "absolute",
                          "size.h": "100%",
                          "size.w": "100%"
                        }
                      }
                    ]
                  }
                ]
              }
            ]
          }
        ]
      }
    ],
    "datasources": [
      {
        "_id": "dataInstagram",
        "_type": "HTTP",
        "actions": [
          {
            "_type": "Alert",
            "attributes": {
              "message": "Success",
              "title": "[[$self._id]]"
            },
            "enabled": true,
            "on": "success"
          }
        ],
        "attributes": {
          "autoLoad.enabled": false,
          "url": "https://api.instagram.com/v1/tags/[[$session.query:url_encode]]/media/recent?client_id=e3363508f9e449ea88a73b70ff7107bc",
          "cache.id": "dataInstagram",
          "method": "GET",
          "sort.key": "name",
          "sort.order": "ascending"
        }
      }
    ]
  }
}